;Amitabh Bachchan;Shakti Kapoor;Anil Dhawan;Mohan Joshi;Nana Patekar;Akshay Kumar;Jackie Shroff;Mithun Chakraborty;Manoj Bajpayee;Deepti Naval;Yogeeta Bali;Rati Agnihotri;Dharmendra;Mehmood;Moushumi Chatterjee;Dinesh Hingoo;Prem Chopra;Anil Kapoor;Jimmy Shergill;Shatrughan Sinha;Amrish Puri;Shashi Kapoor;Danny Denzongpa;Arjun;Tabu;Zeenat Aman;Birbal;Sunil Shetty;Vijayendra Ghatge;Raj Babbar;Satyendra Kapoor;Bharat Kapoor;Divya Dutta;Dimple Kapadia;Rajesh Khanna;Jaya Prada;Helen;Ishrat Ali;Ashok Kumar;Girish Karnad;Sadashiv Amrapurkar;Sanjay Dutt;Pran;Iftekhar;Alok Nath;Reena Roy;Saif Ali Khan;Aamir Khan;Rakesh Bedi;Rita Bhaduri;Jagdeep;Hemant Birje;Suresh Oberoi;Sujit Kumar;Arun Bakshi;Paresh Rawal;Seema Biswas;Sunny Deol;Bharat Bhushan;Milind Gunaji;Kader Khan;Hema Malini;Jaya Bhaduri;Sanjeev Kumar;Gulshan Grover;Ranjeet;Vikas Anand;Chandrashekhar;Asrani;Ajit;Aruna Irani;Shabana Azmi;Mohnish Bahl;Raza Murad;Rajinikanth;Dara Singh;Anupam Kher;Karisma Kapoor;Raj Kiran;Bindu;Beena Banerjee;Shammi Kapoor;Sridevi;Mohan Choti;Shreeram Lagoo;Ajay Devgn;Vinod Khanna;Farida Jalal;Aditya Pancholi;Salman Khan;Govinda;Rishi Kapoor;Rakhee Gulzar;Juhi Chawla;Kulbhushan Kharbanda;Shah Rukh Khan;Tom Alter;Master Bhagwan;Ramesh Deo;Rekha;Irrfan Khan;Vinod Mehra;Abhi Bhattacharya;Tanuja;Tinnu Anand;Kiran Kumar;Amjad Khan;Madhuri Dixit;Om Puri;Jeetendra;Naseeruddin Shah;Manisha Koirala;Raveena Tandon
Amitabh Bachchan;0;1;1;0;1;1;1;1;1;0;1;1;1;1;1;0;1;1;0;1;1;1;0;0;1;1;1;1;1;0;1;0;0;1;1;1;1;0;1;0;1;1;1;1;0;1;1;0;1;0;1;0;1;0;1;1;0;1;1;0;1;1;1;1;1;0;1;1;1;1;1;1;0;0;1;1;1;1;0;1;0;1;1;0;1;1;1;1;0;1;1;1;1;1;0;1;1;1;1;1;1;1;0;1;1;0;1;0;1;1;1;1;1
Shakti Kapoor;1;0;0;1;0;0;1;1;0;0;1;1;1;1;0;1;1;1;0;1;1;0;1;1;1;1;0;1;1;1;1;1;0;1;1;1;1;1;1;1;1;1;1;1;0;1;0;0;0;0;0;1;1;0;1;0;1;1;0;1;1;1;0;1;1;1;0;0;1;0;1;1;0;1;0;0;1;1;1;0;0;1;1;0;0;0;0;0;1;1;1;1;0;1;1;0;0;0;0;1;0;0;0;0;1;1;1;1;0;1;1;1;1
Anil Dhawan;1;0;0;0;0;1;0;1;0;0;1;1;0;1;1;0;1;0;0;1;0;0;1;0;0;0;1;0;1;1;1;1;0;0;0;0;1;0;1;0;1;0;0;1;0;0;0;0;1;1;1;1;0;1;0;1;0;0;1;0;0;0;1;0;0;0;1;0;1;0;1;0;0;0;0;0;0;0;0;1;1;0;0;0;0;0;0;0;0;0;1;1;1;1;0;0;0;1;1;0;0;0;1;1;1;1;0;0;0;0;0;0;0
Mohan Joshi;0;1;0;0;1;1;1;1;0;0;0;0;1;0;0;1;1;0;0;0;1;0;0;0;1;0;0;1;0;0;1;1;0;0;0;0;0;1;0;0;1;0;0;0;0;0;0;0;0;0;0;1;0;0;0;0;0;0;0;1;0;0;0;0;1;0;0;0;0;0;1;0;1;1;0;0;0;1;0;0;0;0;0;0;0;1;0;0;1;0;0;0;0;0;0;0;0;0;1;0;0;0;0;0;1;1;0;0;0;1;0;0;1
Nana Patekar;1;0;0;1;1;1;1;0;0;1;0;0;0;0;0;0;0;1;0;0;0;0;1;0;1;0;0;1;0;0;0;0;1;1;0;1;0;0;0;1;1;0;0;0;1;0;0;0;0;0;0;0;1;0;0;1;1;0;0;0;0;0;0;0;0;0;1;0;0;0;1;1;1;0;0;0;1;1;0;0;0;0;0;0;0;1;0;0;1;1;0;1;0;0;0;0;0;0;0;1;0;0;0;0;0;0;0;1;1;0;1;1;1
Akshay Kumar;1;0;1;1;1;0;1;1;1;0;0;1;1;0;0;0;0;1;1;1;1;0;1;0;1;0;0;1;0;0;0;0;0;1;0;1;0;0;0;1;0;1;0;0;1;0;1;0;0;0;0;0;0;0;0;1;0;1;0;0;1;0;0;0;1;1;0;0;0;0;1;0;1;0;0;1;1;1;0;0;0;0;1;0;0;1;0;1;0;1;1;1;1;1;0;1;0;0;0;1;0;0;0;0;0;0;0;1;1;0;1;0;1
Jackie Shroff;1;1;0;1;1;1;0;1;0;1;0;1;1;0;0;0;1;1;0;0;1;0;1;0;1;1;0;1;0;1;0;0;1;1;0;1;0;0;1;0;0;1;1;0;1;0;0;1;0;0;0;0;0;0;0;1;0;1;0;0;1;0;0;1;1;0;0;0;0;0;1;1;0;0;1;0;1;1;1;0;0;1;1;0;0;0;1;1;1;1;1;1;1;1;0;1;1;0;0;1;1;1;0;0;0;0;0;1;1;1;1;1;1
Mithun Chakraborty;1;1;1;1;0;1;1;0;0;1;1;1;1;0;1;1;1;1;0;1;1;1;1;1;0;1;1;0;1;1;1;0;1;1;1;1;0;1;1;0;1;1;1;1;1;1;1;0;1;1;1;1;1;1;1;1;1;0;1;1;1;1;0;1;1;1;1;1;1;0;1;1;1;1;1;0;1;0;1;1;1;1;1;1;1;1;0;0;1;1;1;1;1;1;0;0;1;1;1;1;0;1;1;1;1;1;1;1;1;1;1;1;0
Manoj Bajpayee;1;0;0;0;0;1;0;0;0;1;0;0;0;0;0;0;0;1;1;0;0;0;0;0;1;0;0;0;0;0;0;0;1;0;0;0;0;0;0;0;0;0;0;0;0;0;1;0;0;0;0;0;0;0;0;1;1;0;0;0;0;0;0;0;0;0;0;0;0;0;0;0;0;0;0;0;1;1;0;0;0;0;0;0;0;0;0;0;0;0;1;0;0;1;0;0;0;0;0;1;0;0;0;0;0;0;0;0;1;0;0;0;1
Deepti Naval;0;0;0;0;1;0;1;1;1;0;0;1;0;0;0;0;0;1;0;0;0;0;1;0;0;0;0;0;0;1;0;0;0;0;1;0;0;0;0;0;0;0;0;1;0;0;0;0;1;0;1;0;1;0;0;0;0;1;0;0;0;0;0;1;1;0;0;0;0;0;0;1;0;0;0;0;0;0;1;0;0;0;0;0;1;0;0;0;0;0;0;0;1;0;0;1;0;0;0;1;0;0;0;0;0;0;0;0;1;0;1;1;0
Yogeeta Bali;1;1;1;0;0;0;0;1;0;0;0;0;1;1;0;0;1;0;0;1;0;0;0;0;0;0;1;0;1;0;1;0;0;0;1;1;1;0;1;0;0;0;1;1;0;0;0;0;0;1;1;0;1;1;0;0;0;0;1;0;0;1;1;1;0;0;1;1;1;1;0;1;0;0;0;1;0;0;1;1;0;0;0;1;1;0;1;1;0;0;0;1;1;0;0;0;1;1;1;0;0;1;1;0;0;1;1;0;0;1;0;0;0
Rati Agnihotri;1;1;1;0;0;1;1;1;0;1;0;0;1;0;0;1;1;1;0;1;1;1;0;0;0;1;1;1;0;1;1;0;0;0;1;1;0;0;1;0;1;1;0;0;0;0;1;0;1;0;1;0;1;0;0;0;0;0;1;0;1;1;0;1;1;1;1;1;1;0;1;1;1;0;1;0;1;0;1;0;1;1;0;1;1;0;1;1;0;1;0;1;1;0;0;0;1;0;1;1;0;1;0;1;1;0;0;0;0;0;1;0;1
Dharmendra;1;1;0;1;0;1;1;1;0;0;1;1;0;1;1;1;1;1;0;1;1;1;1;0;0;1;1;0;1;1;1;0;1;1;1;1;1;1;1;1;1;1;1;0;0;1;0;0;0;0;1;1;1;1;1;0;0;1;1;0;0;1;1;1;1;1;1;1;1;1;1;1;1;1;1;1;0;1;0;1;0;1;1;1;1;0;1;1;1;0;1;1;1;0;0;0;0;1;1;1;1;1;1;1;0;1;1;1;0;1;1;1;0
Mehmood;1;1;1;0;0;0;0;0;0;0;1;0;1;0;1;0;1;0;0;1;0;1;0;0;0;1;0;0;0;0;0;0;0;0;1;1;1;0;1;1;0;0;1;0;0;0;0;0;1;0;0;0;1;1;0;0;0;0;1;0;0;1;1;1;0;0;0;0;0;1;1;0;0;1;0;1;0;0;0;1;0;1;1;0;0;0;1;1;0;0;0;0;1;0;0;0;0;0;1;1;0;1;0;0;0;1;1;0;0;1;0;0;0
Moushumi Chatterjee;1;0;1;0;0;0;0;1;0;0;0;0;1;1;0;0;1;0;0;1;1;1;1;0;0;1;0;0;0;1;1;0;0;1;1;0;0;0;1;0;1;0;1;1;0;1;0;0;1;0;1;0;0;0;1;0;0;1;0;0;0;0;0;1;0;0;1;1;1;1;1;0;0;0;0;1;1;0;1;1;0;1;0;1;1;0;1;1;0;0;1;1;0;1;0;0;0;1;0;1;1;1;1;1;0;0;1;0;0;1;0;0;0
Dinesh Hingoo;0;1;0;1;0;0;0;1;0;0;0;1;1;0;0;0;1;0;0;0;0;1;0;1;0;0;1;0;0;0;1;0;0;0;0;0;0;1;0;0;1;0;0;0;0;0;0;0;1;0;0;0;0;0;1;0;1;0;0;1;0;0;1;1;1;0;1;1;1;0;1;0;1;0;0;0;0;1;0;1;1;0;0;1;0;0;0;1;0;0;0;0;0;0;1;0;0;1;0;0;0;0;0;1;1;1;1;1;0;0;0;0;0
Prem Chopra;1;1;1;1;0;0;1;1;0;0;1;1;1;1;1;1;0;0;1;1;0;1;1;0;0;1;1;0;1;1;1;1;0;1;1;1;1;0;1;0;1;0;1;0;1;1;1;0;1;1;0;1;1;1;1;0;0;1;1;1;1;1;0;1;1;0;1;1;1;1;1;1;1;1;1;0;1;0;0;1;1;1;1;1;0;1;1;1;0;1;1;1;1;1;0;0;1;0;0;1;0;1;1;0;1;0;0;1;0;1;0;1;1
Anil Kapoor;1;1;0;0;1;1;1;1;1;1;0;1;1;0;0;0;0;0;0;0;1;0;1;0;1;0;0;1;0;1;0;0;0;1;1;0;0;1;1;0;0;1;1;0;1;0;1;0;0;0;0;0;1;0;1;1;0;1;0;1;1;1;0;0;0;0;0;0;0;0;1;1;0;0;1;0;1;1;1;0;0;1;1;0;0;1;0;1;1;1;1;1;1;1;0;0;0;0;0;1;0;1;0;0;1;0;1;1;1;1;1;1;1
Jimmy Shergill;0;0;0;0;0;1;0;0;1;0;0;0;0;0;0;0;1;0;0;0;0;0;0;0;0;0;0;0;0;0;0;0;1;0;0;0;0;1;0;0;0;1;0;0;0;0;1;0;1;0;0;0;0;0;0;1;0;0;0;0;1;0;0;0;1;0;0;0;0;0;0;0;0;0;0;0;1;1;0;0;0;0;0;0;0;0;0;0;0;0;0;0;0;1;0;0;0;0;0;0;1;0;0;0;0;0;0;0;1;0;1;0;0
Shatrughan Sinha;1;1;1;0;0;1;0;1;0;0;1;1;1;1;1;0;1;0;0;0;1;1;1;0;0;1;0;1;1;1;0;0;0;1;1;1;0;0;1;0;0;1;1;1;0;1;1;0;0;0;0;0;1;1;0;1;0;0;0;0;0;1;1;1;0;1;1;0;1;1;1;1;0;1;1;0;0;0;1;1;0;0;0;1;1;0;1;1;0;0;1;1;1;0;0;1;0;0;1;1;0;1;0;0;0;0;1;0;0;1;0;0;1
Amrish Puri;1;1;0;1;0;1;1;1;0;0;0;1;1;0;1;0;0;1;0;1;0;0;1;0;1;1;1;1;1;1;1;0;0;1;0;1;0;0;0;1;0;1;1;1;0;1;0;0;0;0;0;0;1;0;0;1;0;1;0;0;1;1;0;0;1;1;0;0;1;0;1;1;1;0;0;0;1;1;0;0;0;0;1;0;1;1;1;1;0;1;0;1;1;1;1;1;0;0;0;1;0;0;0;0;0;0;0;1;1;1;1;0;1
Shashi Kapoor;1;0;0;0;0;0;0;1;0;0;0;1;1;1;1;1;1;0;0;1;0;0;1;0;0;1;1;0;0;1;0;0;0;0;1;1;1;0;1;0;0;1;1;1;0;1;0;0;1;1;1;0;1;1;0;0;0;0;1;0;1;1;1;1;0;1;0;0;1;1;1;1;0;1;0;1;1;0;1;1;0;1;0;0;0;0;1;1;0;0;1;1;1;0;1;0;0;0;0;1;0;1;0;1;0;1;1;0;1;1;0;0;0
Danny Denzongpa;0;1;1;0;1;1;1;1;0;1;0;0;1;0;1;0;1;1;0;1;1;1;0;0;1;1;1;1;1;1;1;1;0;1;1;1;1;1;0;0;1;0;1;1;0;1;0;0;0;1;1;1;0;1;0;1;0;1;0;0;1;1;1;1;1;1;0;0;1;1;1;1;0;0;1;0;1;0;1;1;0;0;1;1;0;0;1;1;0;1;1;1;0;0;0;1;0;1;1;1;0;1;0;1;1;0;0;1;1;1;1;0;1
Arjun;0;1;0;0;0;0;0;1;0;0;0;0;0;0;0;1;0;0;0;0;0;0;0;0;0;0;1;0;0;1;0;0;0;0;0;0;0;1;0;0;1;0;0;0;0;0;0;0;1;0;0;1;0;0;1;0;0;0;0;0;0;0;0;0;0;0;1;0;1;1;1;0;1;0;0;0;0;1;0;0;1;0;0;0;0;1;0;0;0;0;0;0;0;0;0;0;1;0;0;0;0;0;0;0;1;1;0;0;0;0;0;0;0
Tabu;1;1;0;1;1;1;1;0;1;0;0;0;0;0;0;0;0;1;0;0;1;0;1;0;0;0;0;1;0;0;0;0;0;1;0;1;0;0;0;0;0;1;0;0;0;0;1;1;0;0;0;0;1;0;0;1;0;1;0;1;0;1;0;0;1;0;0;0;0;0;1;0;1;0;0;0;1;1;0;0;0;0;0;0;0;1;0;0;1;1;1;1;0;1;0;1;0;0;0;0;1;0;0;0;0;0;0;0;1;0;1;0;1
Zeenat Aman;1;1;0;0;0;0;1;1;0;0;0;1;1;1;1;0;1;0;0;1;1;1;1;0;0;0;0;0;0;1;0;0;0;0;1;1;1;0;1;0;1;0;1;1;0;1;0;0;0;0;0;0;0;0;1;0;0;0;0;0;0;1;0;1;0;1;1;0;1;1;0;1;0;0;1;1;0;0;0;1;0;1;0;0;0;0;1;0;0;0;0;1;1;0;0;0;0;1;1;1;0;1;0;0;0;0;1;0;0;1;0;0;0
Birbal;1;0;1;0;0;0;0;1;0;0;1;1;1;0;0;1;1;0;0;0;1;1;1;1;0;0;0;0;1;1;0;0;0;0;0;0;0;0;1;0;1;0;0;1;0;1;0;0;1;1;1;1;0;0;0;0;0;0;1;0;1;1;0;0;1;0;1;1;1;1;1;0;1;1;0;0;0;0;0;0;1;1;0;1;1;0;0;0;0;0;1;0;0;1;0;0;1;1;1;0;0;0;1;0;1;1;1;0;0;1;0;0;0
Sunil Shetty;1;1;0;1;1;1;1;0;0;0;0;1;0;0;0;0;0;1;0;1;1;0;1;0;1;0;0;0;0;0;0;0;0;1;0;0;0;1;0;1;1;1;0;0;0;0;1;0;0;0;0;0;1;0;0;1;0;1;0;0;0;0;0;0;1;0;0;0;0;0;0;1;1;0;0;0;1;1;0;0;0;0;0;0;0;1;1;0;1;0;0;1;1;0;0;1;0;0;0;0;0;0;0;0;1;1;0;0;0;1;1;0;1
Vijayendra Ghatge;1;1;1;0;0;0;0;1;0;0;1;0;1;0;0;0;1;0;0;1;1;0;1;0;0;0;1;0;0;1;0;0;1;0;0;0;1;0;1;1;1;0;0;0;0;1;0;0;0;0;1;0;0;0;0;0;0;0;1;1;1;1;0;0;0;1;0;0;0;1;1;0;0;1;0;0;0;0;1;0;1;1;0;0;1;0;0;0;0;0;0;0;0;0;0;0;0;0;0;0;0;0;0;1;0;0;1;1;0;1;1;0;0
Raj Babbar;0;1;1;0;0;0;1;1;0;1;0;1;1;0;1;0;1;1;0;1;1;1;1;1;0;1;1;0;1;0;1;1;0;1;1;1;1;1;1;0;1;1;1;0;1;1;0;0;1;1;1;1;1;1;1;1;0;1;1;0;1;1;0;1;0;1;1;1;1;0;1;1;1;1;0;0;1;1;1;1;1;1;1;1;0;1;1;0;1;1;1;1;1;1;1;1;0;1;0;1;0;1;1;1;1;0;1;1;1;1;1;1;0
Satyendra Kapoor;1;1;1;1;0;0;0;1;0;0;1;1;1;0;1;1;1;0;0;0;1;0;1;0;0;0;0;0;0;1;0;1;1;0;1;0;1;0;0;0;0;0;0;1;0;1;0;0;1;0;0;0;1;0;0;0;0;0;1;0;1;1;1;1;1;0;1;1;1;0;1;1;0;1;0;0;0;0;1;1;0;1;0;1;1;1;0;0;0;0;0;1;1;1;0;0;0;0;1;0;0;0;1;0;0;1;1;0;0;0;0;0;1
Bharat Kapoor;0;1;1;1;0;0;0;0;0;0;0;0;0;0;0;0;1;0;0;0;0;0;1;0;0;0;0;0;0;1;1;0;1;0;0;0;0;0;0;0;1;0;0;0;0;0;0;0;1;1;1;0;0;0;1;0;0;0;1;0;1;0;0;0;0;0;0;0;0;0;0;0;0;1;0;0;0;0;0;1;0;0;0;1;0;0;0;0;0;0;0;0;0;0;0;0;0;0;1;0;0;0;0;0;1;0;0;0;0;0;0;0;0
Divya Dutta;0;0;0;0;1;0;1;1;1;0;0;0;1;0;0;0;0;0;1;0;0;0;0;0;0;0;0;0;1;0;1;1;0;0;0;0;0;1;0;0;0;0;1;0;0;0;0;0;0;0;0;0;0;0;0;0;0;0;0;1;0;0;0;0;1;0;0;0;0;0;0;0;0;0;0;0;0;1;0;0;0;0;0;0;0;1;0;0;0;0;0;0;0;0;0;0;0;0;0;0;1;0;0;0;0;0;0;1;0;0;1;1;1
Dimple Kapadia;1;1;0;0;1;1;1;1;0;0;0;0;1;0;1;0;1;1;0;1;1;0;1;0;1;0;0;1;0;1;0;0;0;0;1;1;0;0;0;0;1;1;1;0;1;0;0;0;0;0;0;0;1;0;0;1;1;1;0;0;0;1;0;0;1;0;0;0;0;0;0;0;0;0;1;0;1;1;1;0;0;1;0;0;0;0;1;1;1;1;1;1;1;0;0;0;0;0;0;1;0;0;0;0;0;0;1;1;1;1;1;1;0
Rajesh Khanna;1;1;0;0;0;0;0;1;0;1;1;1;1;1;1;0;1;1;0;1;0;1;1;0;0;1;0;0;0;1;1;0;0;1;0;1;1;0;1;0;1;0;1;1;0;1;0;0;0;0;1;0;1;1;0;0;0;0;0;0;1;1;1;1;1;0;0;0;1;1;1;1;1;1;1;0;1;0;1;1;0;1;1;0;0;0;1;1;0;0;1;1;1;1;1;0;1;0;1;1;0;1;0;1;0;0;1;1;0;1;0;0;0
Jaya Prada;1;1;0;0;1;1;1;1;0;0;1;1;1;1;0;0;1;0;0;1;1;1;1;0;1;1;0;0;0;1;0;0;0;1;1;0;0;0;0;1;1;1;1;0;0;0;0;0;0;0;0;0;1;1;0;0;0;1;0;0;1;0;0;1;1;0;0;0;0;0;1;1;0;0;1;1;0;1;0;0;0;0;1;0;1;0;1;0;0;0;1;1;0;0;0;0;0;0;0;1;0;1;0;1;0;0;1;1;0;1;0;0;0
Helen;1;1;1;0;0;0;0;0;0;0;1;0;1;1;0;0;1;0;0;0;0;1;1;0;0;1;0;0;1;1;1;0;0;0;1;0;0;0;1;0;0;0;1;1;0;0;0;0;0;0;1;0;0;1;0;0;0;0;0;0;1;1;0;0;0;1;0;1;1;1;1;1;0;0;0;1;0;0;1;1;0;1;0;1;1;0;1;1;0;0;0;0;1;0;0;0;0;1;0;1;0;1;1;0;0;1;1;1;0;1;0;1;0
Ishrat Ali;0;1;0;1;0;0;0;1;0;0;0;0;1;0;0;1;0;1;1;0;0;0;1;1;0;0;0;1;0;1;0;0;1;0;0;0;0;0;0;0;1;1;0;0;0;0;0;0;1;0;1;1;0;0;1;1;0;0;0;0;0;1;0;0;0;0;1;1;1;0;0;0;1;1;0;0;1;0;0;0;0;0;0;0;0;0;0;0;0;0;0;0;0;0;0;0;0;1;0;0;0;0;0;0;0;1;1;0;0;0;0;0;0
Ashok Kumar;1;1;1;0;0;0;1;1;0;0;1;1;1;1;1;0;1;1;0;1;0;1;0;0;0;1;1;0;1;1;0;0;0;0;1;0;1;0;0;0;1;1;1;0;1;1;0;0;0;0;1;0;1;0;0;0;0;0;1;0;1;1;0;1;0;1;0;0;1;1;1;1;0;0;0;0;0;0;1;1;0;0;1;0;0;0;1;0;0;0;0;1;0;0;0;0;0;1;0;1;0;1;1;1;0;0;1;1;1;1;0;0;0
Girish Karnad;0;1;0;0;1;1;0;0;0;0;0;0;1;1;0;0;0;0;0;0;1;0;0;0;0;0;0;1;1;0;0;0;0;0;0;1;0;0;0;0;0;0;0;0;0;1;0;0;0;1;1;0;1;0;0;0;0;0;1;0;0;1;0;0;0;0;0;0;1;0;1;1;0;0;0;0;1;0;0;0;0;0;0;0;1;0;0;1;0;1;0;0;0;0;1;0;0;0;0;0;0;0;0;0;0;0;1;0;1;1;1;0;0
Sadashiv Amrapurkar;1;1;1;1;1;0;0;1;0;0;0;1;1;0;1;1;1;0;0;0;0;0;1;1;0;1;1;1;1;1;0;1;0;1;1;1;0;1;1;0;0;1;0;0;0;0;0;0;1;1;1;1;1;0;1;0;0;0;1;1;0;0;0;0;1;1;1;0;1;0;1;1;1;1;0;1;1;1;1;0;1;0;0;0;0;0;0;0;1;0;1;0;0;1;1;0;1;0;0;1;1;0;1;1;1;1;0;1;1;1;1;1;1
Sanjay Dutt;1;1;0;0;0;1;1;1;0;0;0;1;1;0;0;0;0;1;1;1;1;1;0;0;1;0;0;1;0;1;0;0;0;1;0;1;0;1;1;0;1;0;0;0;1;1;1;1;0;0;0;0;1;0;1;1;0;1;0;0;1;1;0;0;1;1;0;1;1;0;0;1;1;0;1;0;1;1;0;1;0;0;1;0;0;1;1;1;1;1;1;1;1;1;1;0;0;0;0;0;1;0;0;1;0;1;1;1;1;1;0;1;1
Pran;1;1;0;0;0;0;1;1;0;0;1;0;1;1;1;0;1;1;0;1;1;1;1;0;0;1;0;0;0;1;0;0;1;1;1;1;1;0;1;0;0;0;0;1;0;1;0;0;0;0;0;0;0;1;0;1;0;1;0;1;1;1;1;1;0;1;0;0;0;1;1;1;0;0;0;1;0;0;1;1;0;1;1;0;0;0;1;1;0;1;1;1;1;1;0;0;0;0;1;1;0;1;0;1;0;1;1;0;0;1;0;0;0
Iftekhar;1;1;1;0;0;0;0;1;0;1;1;0;0;0;1;0;0;0;0;1;1;1;1;0;0;1;1;0;0;0;1;0;0;0;1;0;1;0;0;0;0;0;1;0;0;1;0;0;0;0;1;0;1;1;0;0;0;0;0;0;0;0;1;1;0;1;0;0;1;0;1;0;0;0;0;0;0;0;1;1;1;0;0;1;0;0;1;0;0;0;0;1;0;0;0;0;0;1;0;0;0;1;0;0;0;1;0;0;0;0;0;0;0
Alok Nath;0;0;0;0;1;1;1;1;0;0;0;0;0;0;0;0;1;1;0;0;0;0;0;0;0;0;0;0;0;1;0;0;0;1;0;0;0;0;1;0;0;1;0;0;0;0;1;0;1;0;0;0;0;1;0;0;0;0;0;0;0;1;0;0;1;0;0;0;0;0;1;0;1;1;0;0;1;0;0;0;1;0;0;0;1;0;1;0;1;1;1;1;0;1;0;1;0;0;0;0;0;0;0;1;0;1;1;0;1;0;0;0;1
Reena Roy;1;1;0;0;0;0;0;1;0;0;0;0;1;0;1;0;1;0;0;1;1;1;1;0;0;1;1;0;1;1;1;0;0;0;1;0;0;0;1;1;0;1;1;1;0;0;0;0;0;1;1;0;0;0;0;0;0;1;0;0;1;1;0;1;0;1;1;0;1;1;1;1;0;0;1;0;0;1;1;1;0;0;0;0;1;1;1;1;0;0;1;1;0;0;1;0;0;0;0;1;0;1;0;0;0;1;1;0;0;1;1;0;1
Saif Ali Khan;1;0;0;0;0;1;0;1;1;0;0;1;0;0;0;0;1;1;1;1;0;0;0;0;1;0;0;1;0;0;0;0;0;0;0;0;0;0;0;0;0;1;0;0;1;0;0;1;1;0;0;0;0;0;0;1;1;1;0;0;0;0;1;0;0;0;0;0;1;0;1;0;1;0;0;0;1;1;0;0;0;0;0;0;0;1;0;0;1;1;0;1;0;0;0;1;0;0;0;1;0;0;0;0;0;0;0;1;0;0;0;1;1
Aamir Khan;0;0;0;0;0;0;1;0;0;0;0;0;0;0;0;0;0;0;0;0;0;0;0;0;1;0;0;0;0;0;0;0;0;0;0;0;0;0;0;0;0;1;0;0;0;0;1;0;0;0;1;0;1;0;0;1;0;0;0;0;0;0;0;0;1;0;0;0;1;0;0;0;0;0;1;0;1;1;0;0;1;0;0;0;0;1;1;0;1;1;0;1;0;1;0;0;0;0;0;0;0;0;0;0;1;0;0;1;0;0;1;1;1
Rakesh Bedi;1;0;1;0;0;0;0;1;0;1;0;1;0;1;1;1;1;0;1;0;0;1;0;1;0;0;1;0;0;1;1;1;0;0;0;0;0;1;0;0;1;0;0;0;1;0;1;0;0;1;1;1;0;0;1;0;0;0;1;0;1;0;0;0;1;0;1;0;1;0;1;0;1;0;0;0;0;0;1;1;1;0;1;1;1;0;0;0;0;0;0;1;0;1;0;0;1;1;1;1;0;0;0;0;0;1;1;0;0;0;0;0;0
Rita Bhaduri;0;0;1;0;0;0;0;1;0;0;1;0;0;0;0;0;1;0;0;0;0;1;1;0;0;0;1;0;0;1;0;1;0;0;0;0;0;0;0;1;1;0;0;0;0;1;0;0;1;0;1;1;0;0;1;0;0;0;1;1;0;0;0;0;1;0;1;0;1;0;1;1;0;0;0;1;1;0;1;1;1;0;0;0;0;0;0;0;0;1;1;0;0;0;1;1;0;1;0;0;0;0;1;0;0;1;1;0;0;1;0;0;0
Jagdeep;1;0;1;0;0;0;0;1;0;1;1;1;1;0;1;0;0;0;0;0;0;1;1;0;0;0;1;0;1;1;0;1;0;0;1;0;1;1;1;1;1;0;0;1;0;1;0;1;1;1;0;0;0;1;0;0;0;0;1;0;1;1;0;1;1;1;0;0;1;1;1;1;1;0;0;1;0;0;1;1;0;0;0;1;1;1;0;1;0;0;0;0;1;0;1;0;0;1;1;0;0;0;1;0;1;1;1;0;0;1;0;0;0
Hemant Birje;0;1;1;1;0;0;0;1;0;0;0;0;1;0;0;0;1;0;0;0;0;0;1;1;0;0;1;0;0;1;0;0;0;0;0;0;0;1;0;0;1;0;0;0;0;0;0;0;1;1;0;0;0;0;0;0;0;0;0;0;0;0;0;0;1;0;0;1;1;0;0;0;1;1;0;1;1;0;0;0;1;0;0;0;0;0;0;0;1;0;1;0;0;0;1;0;1;1;0;0;0;0;0;0;0;0;1;0;0;0;0;0;0
Suresh Oberoi;1;1;0;0;1;0;0;1;0;1;1;1;1;1;0;0;1;1;0;1;1;1;0;0;1;0;0;1;0;1;1;0;0;1;1;1;0;0;1;1;1;1;0;1;0;0;0;1;0;0;0;0;0;0;0;0;0;1;0;0;0;0;0;0;1;1;0;0;0;0;0;1;0;0;1;0;0;1;0;1;0;0;1;0;0;1;1;0;0;0;1;1;1;1;1;0;0;0;0;1;0;0;0;1;0;0;1;1;0;0;1;1;0
Sujit Kumar;0;0;1;0;0;0;0;1;0;0;1;0;1;1;0;0;1;0;0;1;0;1;1;0;0;0;0;0;0;1;0;0;0;0;1;1;1;0;0;0;0;0;1;1;1;0;0;0;0;0;1;0;0;0;0;0;0;0;0;0;1;0;0;1;0;1;0;1;0;1;1;1;0;0;0;0;0;0;0;1;1;0;0;1;1;0;0;1;0;0;0;0;1;0;0;0;0;0;0;1;0;1;1;1;0;0;0;0;0;1;0;0;0
Arun Bakshi;1;1;0;0;0;0;0;1;0;0;0;0;1;0;1;1;1;1;0;0;0;0;0;1;0;1;0;0;0;1;0;1;0;0;0;0;0;1;0;0;1;1;0;0;0;0;0;0;1;1;0;0;0;0;0;0;0;1;0;1;0;0;0;0;0;0;1;0;1;0;1;1;1;0;0;0;0;0;0;0;1;0;0;0;0;0;0;0;0;0;0;0;0;0;1;0;1;0;0;0;0;0;0;0;1;1;0;0;0;0;0;0;0
Paresh Rawal;1;0;1;0;1;1;1;1;1;0;0;0;0;0;0;0;0;1;1;1;1;0;1;0;1;0;0;1;0;1;0;0;0;1;0;0;0;1;0;0;0;1;1;0;0;0;1;1;0;0;0;0;0;0;0;0;0;1;0;0;1;1;0;0;1;1;0;0;1;1;1;0;0;0;0;0;1;1;0;0;0;0;1;0;0;1;0;0;1;1;1;1;0;1;0;1;1;0;0;1;1;0;0;0;0;0;0;1;1;1;1;1;1
Seema Biswas;0;1;0;0;1;0;0;1;1;0;0;0;0;0;0;1;0;0;0;0;0;0;0;0;0;0;0;0;0;0;0;0;0;1;0;0;0;0;0;0;0;0;0;0;0;0;1;0;0;0;0;0;0;0;0;0;0;0;0;1;0;0;1;0;0;0;0;0;0;0;0;0;0;0;0;0;1;0;0;0;0;0;0;0;0;1;0;0;0;1;0;0;0;0;0;0;0;0;0;0;0;0;0;0;0;0;0;0;1;0;0;1;0
Sunny Deol;1;1;0;0;0;1;1;0;0;1;0;0;1;0;1;0;1;1;0;0;1;0;1;0;1;0;0;1;0;1;0;0;0;1;0;1;0;0;0;0;0;1;1;0;0;1;1;0;0;0;0;0;1;0;1;1;0;0;0;1;0;0;0;1;1;0;1;0;1;0;0;0;1;1;1;1;1;1;1;1;1;1;1;0;0;1;0;1;1;1;0;0;1;1;0;1;0;0;0;0;1;0;0;1;0;1;0;1;1;0;1;1;1
Bharat Bhushan;1;0;1;0;0;0;0;1;0;0;1;1;1;1;0;0;1;0;0;0;0;1;0;0;0;0;1;0;1;1;1;1;0;0;0;0;0;0;1;1;1;0;0;0;0;0;0;0;1;1;1;0;0;0;0;0;0;0;0;0;0;0;0;0;1;0;1;1;1;0;1;0;0;1;0;1;0;0;1;1;1;0;1;1;1;0;0;1;0;0;1;0;0;0;0;0;0;1;1;0;0;0;1;1;0;0;1;1;0;1;0;0;0
Milind Gunaji;0;1;0;1;0;0;0;1;0;0;0;0;0;0;0;1;1;1;0;0;0;0;0;0;1;0;0;0;1;0;0;0;1;0;0;0;0;0;0;0;1;0;1;0;0;0;0;0;0;1;0;0;0;0;1;0;1;1;0;0;0;0;1;0;1;0;0;0;1;0;0;1;0;0;0;0;1;0;0;0;0;0;0;0;0;0;0;0;0;0;1;0;0;0;0;0;1;0;0;0;0;0;0;0;0;1;0;0;1;0;0;0;0
Kader Khan;1;1;0;0;0;1;1;1;0;0;0;1;0;0;0;0;1;1;1;0;1;1;1;0;0;0;1;0;1;1;1;1;0;0;1;1;1;0;1;0;0;1;1;0;0;1;0;0;1;0;1;0;0;1;0;1;0;0;0;0;0;0;0;0;1;1;1;0;1;1;1;0;0;1;1;0;1;1;1;1;0;0;1;1;0;0;1;1;0;1;1;1;0;1;1;0;0;0;0;1;0;1;0;0;0;1;1;1;1;1;0;0;1
Hema Malini;1;1;0;0;0;0;0;1;0;0;1;1;1;1;0;0;1;1;0;1;1;1;1;0;1;1;1;0;1;1;1;0;0;1;1;0;1;1;1;1;0;1;1;0;1;1;0;0;0;0;1;0;0;0;0;1;0;0;0;0;0;0;0;1;0;1;0;0;1;1;0;0;0;1;1;0;1;0;0;1;0;1;1;0;1;0;1;1;0;1;1;1;1;0;1;1;0;0;0;1;0;1;1;1;0;1;1;1;0;1;1;0;0
Jaya Bhaduri;1;0;1;0;0;0;0;0;0;0;1;0;1;1;0;1;0;0;0;1;0;1;1;0;0;0;0;0;0;0;1;0;0;0;1;0;0;0;0;0;0;0;1;1;0;0;1;0;0;0;0;0;0;0;0;0;1;0;0;1;0;0;0;1;1;0;0;0;1;0;1;1;0;1;0;0;1;1;0;1;0;0;0;1;1;0;0;0;0;0;0;0;0;0;0;1;0;0;1;1;0;0;0;0;0;0;0;0;1;1;0;0;0
Sanjeev Kumar;1;1;0;0;0;0;1;1;0;1;1;1;1;1;1;1;1;0;0;1;0;1;1;0;0;1;0;0;0;1;1;0;0;0;1;1;0;0;1;0;0;0;1;1;0;1;0;0;0;0;1;0;0;1;0;0;0;1;0;0;0;1;1;0;0;1;0;0;1;1;1;1;0;0;0;0;0;0;0;1;0;1;0;1;0;0;1;1;0;0;0;0;1;0;1;0;0;1;0;1;0;1;1;1;0;0;1;0;0;1;0;0;0
Gulshan Grover;1;1;0;1;0;1;1;1;0;1;0;1;1;0;0;1;1;0;1;0;1;0;1;0;1;0;1;1;0;0;1;0;1;1;1;1;0;0;0;0;1;1;0;0;1;0;0;1;1;1;1;1;1;0;0;1;0;1;1;1;1;0;1;0;0;0;1;1;1;0;1;0;1;1;0;0;1;1;1;1;0;0;1;1;1;1;0;1;1;0;1;1;0;1;1;0;0;1;1;0;1;0;0;0;1;1;1;1;1;1;1;1;1
Ranjeet;0;1;0;0;0;1;0;1;0;0;0;1;1;0;0;0;0;0;0;1;1;1;1;0;0;1;0;0;1;1;0;0;0;0;0;0;1;0;1;0;1;1;1;1;0;1;0;0;0;0;1;0;1;1;0;1;0;0;0;0;1;1;0;1;0;0;0;0;0;0;0;0;0;1;0;0;0;1;0;1;0;0;1;0;0;0;1;1;0;0;1;0;1;0;0;1;0;0;0;1;0;1;0;1;0;1;1;1;1;1;0;0;0
Vikas Anand;1;0;1;0;1;0;0;1;0;0;1;1;1;0;1;1;1;0;0;1;0;0;0;1;0;1;1;0;0;1;1;0;0;0;0;0;0;1;0;0;1;0;0;0;0;1;0;0;1;1;0;0;0;0;1;0;0;1;1;0;1;0;0;0;1;0;0;1;1;1;0;0;1;0;0;0;0;0;0;1;1;0;0;1;0;0;0;0;1;0;1;1;0;0;0;0;0;1;0;1;0;1;1;0;1;0;1;1;0;0;0;0;0
Chandrashekhar;1;0;0;0;0;0;0;1;0;0;1;1;1;0;1;1;1;0;0;0;0;0;0;0;0;0;1;0;0;1;1;0;0;0;0;0;1;1;0;0;0;1;0;0;0;0;0;0;0;0;0;1;0;1;0;0;0;0;1;0;0;0;0;0;1;0;1;0;1;1;1;0;0;0;0;0;0;0;0;0;0;0;0;1;0;0;0;1;0;0;0;0;0;0;0;0;1;1;1;0;0;1;0;0;0;0;0;0;0;0;0;0;0
Asrani;1;1;1;0;0;0;0;1;0;0;1;1;1;0;1;1;1;0;0;1;1;1;1;1;0;1;1;0;0;1;1;0;0;0;1;0;1;1;1;1;1;1;0;1;0;1;1;1;1;1;1;1;0;0;1;1;0;1;1;1;1;1;1;1;1;0;1;1;0;1;1;1;1;0;0;0;1;0;0;1;1;0;1;1;1;1;1;1;0;1;1;1;1;0;0;0;1;1;0;1;1;1;0;1;1;1;0;1;1;1;1;1;1
Ajit;1;0;0;0;0;0;0;0;0;0;1;0;1;1;1;0;1;0;0;1;0;1;1;1;0;1;1;0;1;0;0;0;0;0;1;0;1;0;1;0;0;0;1;0;0;1;0;0;0;0;1;0;0;1;0;1;0;0;0;0;1;1;0;1;0;0;1;1;1;0;1;0;0;0;0;1;0;1;0;1;0;1;0;1;0;1;1;1;0;0;0;1;1;0;0;0;0;1;0;1;0;1;0;0;0;0;1;0;0;0;0;0;0
Aruna Irani;1;1;1;1;1;1;1;1;0;0;0;1;1;1;1;1;1;1;0;1;1;1;1;1;1;0;1;0;1;1;1;0;0;0;1;1;1;0;1;1;1;0;1;1;1;1;1;0;1;1;1;0;0;1;1;1;0;0;1;0;1;0;1;1;1;0;0;1;1;1;0;1;0;1;0;1;1;1;1;1;1;0;1;1;0;1;1;1;1;0;1;1;1;1;1;0;1;1;1;1;0;1;0;1;1;1;1;1;0;1;1;0;1
Shabana Azmi;1;1;0;0;1;0;1;1;0;1;1;1;1;0;0;0;1;1;0;1;1;1;1;0;0;1;0;1;0;1;1;0;0;0;1;1;1;0;1;1;1;1;1;0;0;1;0;0;0;1;1;0;1;1;1;0;0;0;0;1;0;0;1;1;0;0;0;0;1;0;1;0;0;0;1;0;1;0;1;1;1;0;0;0;1;0;1;1;0;0;0;1;0;0;1;0;1;0;0;1;1;1;0;1;0;0;0;1;1;1;1;0;0
Mohnish Bahl;0;0;0;1;1;1;0;1;0;0;0;1;1;0;0;1;1;0;0;0;1;0;0;1;1;0;1;1;0;1;0;0;0;0;1;0;0;1;0;0;1;1;0;0;1;0;1;0;1;0;1;1;0;0;1;0;0;1;0;0;0;0;0;0;1;0;1;0;1;0;0;0;0;1;0;0;1;1;0;0;1;1;1;0;0;1;0;1;0;1;1;1;1;0;0;1;0;0;0;0;0;0;0;0;1;0;0;1;0;0;0;0;1
Raza Murad;0;1;0;1;0;0;0;1;0;0;0;0;1;1;0;0;1;0;0;1;0;1;0;0;0;0;1;0;1;1;1;1;0;0;1;0;0;1;0;0;1;0;0;0;1;0;0;0;0;0;0;1;0;0;0;0;0;1;1;0;1;1;1;0;1;1;0;0;0;0;1;0;1;0;0;0;1;1;0;0;1;0;1;0;0;0;0;1;0;1;1;0;0;0;1;0;0;0;0;1;0;0;0;0;0;1;0;0;0;0;1;0;0
Rajinikanth;1;0;0;0;0;0;1;1;0;0;0;1;1;0;0;0;1;1;0;1;0;0;1;0;0;1;0;0;0;0;0;0;0;1;1;1;0;0;0;0;0;1;0;0;0;1;0;1;0;0;0;0;1;0;0;0;0;1;0;0;1;1;0;0;0;0;0;0;0;0;0;1;0;0;0;0;1;0;0;0;0;0;1;0;0;0;1;0;0;0;1;0;0;1;0;0;0;0;1;1;0;0;0;0;0;0;0;1;0;1;0;0;1
Dara Singh;1;0;0;0;0;1;0;0;0;0;1;0;1;1;1;0;0;0;0;0;0;1;0;0;0;1;0;0;0;0;0;0;0;0;0;1;1;0;0;0;1;0;1;0;0;0;0;0;0;1;1;1;0;0;0;0;0;1;1;0;0;0;0;0;0;0;0;0;0;1;1;0;0;0;0;0;0;0;0;1;0;1;0;1;0;0;0;0;0;0;0;1;0;0;0;0;0;1;0;1;0;0;1;1;0;0;1;0;0;0;0;0;0
Anupam Kher;1;1;0;0;1;1;1;1;1;0;0;1;0;0;1;0;1;1;1;0;1;1;1;0;1;0;0;1;0;1;0;0;0;1;1;0;0;1;0;1;1;1;0;0;1;0;1;1;0;1;0;1;0;0;0;1;1;1;0;1;1;1;1;0;1;0;0;0;1;0;1;1;1;1;1;0;0;0;1;1;1;1;1;0;0;1;1;1;0;1;1;1;1;1;1;1;0;0;0;1;0;0;0;0;1;1;1;1;1;1;1;1;1
Karisma Kapoor;1;1;0;1;1;1;1;0;1;0;0;0;1;0;0;1;0;1;1;0;1;0;0;1;1;0;0;1;0;1;0;0;1;1;0;1;0;0;0;0;1;1;0;0;0;1;1;1;0;0;0;0;1;0;0;1;0;1;0;0;1;0;1;0;1;1;0;0;0;1;1;0;1;1;0;0;0;0;0;0;0;1;0;0;0;1;1;1;1;1;1;0;1;1;1;1;0;0;0;1;0;0;0;0;1;1;0;1;0;0;1;1;1
Raj Kiran;0;1;0;0;0;0;1;1;0;1;1;1;0;0;1;0;0;1;0;1;0;1;1;0;0;0;0;0;1;1;1;0;0;1;1;0;1;0;1;0;1;0;1;1;0;1;0;0;1;1;1;0;0;0;0;0;0;1;1;0;1;0;0;0;1;0;0;0;0;0;1;1;0;0;0;0;1;0;0;0;1;1;0;0;1;0;0;0;0;0;1;1;0;1;1;0;1;0;1;1;0;1;0;1;0;1;1;0;1;0;1;0;0
Bindu;1;0;1;0;0;0;0;1;0;0;1;0;1;1;1;1;1;0;0;1;0;1;1;0;0;1;0;0;0;1;1;1;0;0;1;0;1;0;1;0;0;1;1;1;0;1;0;0;1;1;1;0;1;1;0;0;0;1;1;0;1;1;1;1;1;1;1;0;1;1;1;1;0;0;0;1;1;0;0;0;1;0;0;1;0;0;1;0;0;0;1;1;1;0;1;0;0;1;0;1;0;1;0;1;1;0;1;1;0;1;0;0;0
Beena Banerjee;0;0;1;0;0;0;0;1;0;0;0;1;0;0;0;1;1;0;0;0;0;0;0;1;0;0;1;0;1;1;0;0;0;0;0;0;0;0;0;0;1;0;0;1;1;0;0;1;1;1;0;1;0;1;1;0;0;1;1;0;0;0;0;0;0;0;1;0;1;0;1;1;1;1;0;0;1;0;1;1;0;0;0;1;0;0;0;1;0;0;1;0;1;0;0;0;0;0;1;0;0;0;0;0;1;1;0;0;0;0;0;0;0
Shammi Kapoor;1;1;0;0;0;0;1;1;0;0;0;1;1;1;1;0;1;1;0;0;0;1;0;0;0;1;1;0;1;1;1;0;0;1;1;0;1;0;0;0;0;0;1;0;0;0;0;0;0;0;0;0;0;0;0;0;0;1;0;0;0;1;0;1;0;0;0;0;0;1;0;0;1;0;0;1;1;1;1;0;0;0;1;0;1;0;1;1;1;1;0;1;0;0;0;0;0;0;0;1;0;0;0;1;0;1;0;1;0;0;0;0;0
Sridevi;1;1;0;0;0;1;1;1;0;0;0;0;1;1;0;0;1;1;0;0;1;0;1;0;0;0;0;0;0;1;0;0;0;0;1;1;0;0;1;0;0;1;1;0;0;0;0;0;1;0;0;0;1;0;0;1;0;1;1;0;1;1;0;0;1;1;0;0;1;0;1;0;1;1;1;0;1;0;0;0;0;1;0;0;0;0;1;1;0;1;1;1;0;0;1;1;0;0;0;0;0;0;0;0;0;0;0;0;0;1;0;0;1
Mohan Choti;0;0;0;0;0;0;0;1;0;0;1;1;1;0;1;1;1;0;0;1;0;0;1;0;0;0;1;0;0;1;1;1;0;0;0;0;1;0;0;0;0;0;0;1;0;0;0;0;1;0;1;0;0;1;0;0;0;0;1;0;1;0;1;1;1;0;1;1;1;1;1;0;0;0;0;1;0;0;0;1;1;0;0;0;0;0;0;0;0;0;0;0;1;1;0;0;1;1;1;1;0;0;1;1;0;0;0;1;0;0;0;0;0
Shreeram Lagoo;1;0;0;0;0;0;0;1;0;1;1;1;1;0;1;0;0;0;0;1;1;0;0;0;0;0;1;0;1;0;1;0;0;0;0;1;1;0;0;1;0;0;0;0;1;1;0;0;1;0;1;0;0;1;0;0;0;0;1;0;0;1;1;0;1;0;0;0;1;0;0;1;0;0;0;0;0;0;1;0;0;1;0;0;0;0;1;0;0;0;0;0;1;0;0;0;0;0;1;1;0;1;1;1;0;0;1;1;1;1;1;0;0
Ajay Devgn;1;0;0;1;1;1;0;1;0;0;0;0;0;0;0;0;1;1;0;0;1;0;0;1;1;0;0;1;0;1;1;0;1;0;0;0;0;0;0;0;0;1;0;0;0;1;1;1;0;0;1;0;1;0;0;1;1;1;0;0;0;0;0;0;1;0;0;0;1;1;1;0;1;0;0;0;1;1;0;0;0;0;0;0;0;0;1;1;1;1;0;1;1;1;1;0;0;0;0;1;1;0;0;0;0;1;0;1;1;0;1;1;1
Vinod Khanna;1;0;0;0;0;0;1;0;0;0;1;1;1;1;1;0;1;0;0;1;1;1;1;0;0;1;0;1;0;1;0;0;0;1;1;1;1;0;1;0;0;1;1;1;1;1;0;1;0;0;0;0;1;0;0;0;0;0;0;0;1;1;0;1;0;1;0;0;1;1;1;1;0;0;1;0;1;1;0;1;0;1;1;0;1;1;0;1;1;1;1;1;1;1;0;0;0;0;1;1;0;1;0;1;0;0;1;1;1;1;1;0;1
Farida Jalal;1;0;0;0;0;1;1;0;0;0;1;1;1;1;1;1;1;1;0;1;1;1;1;0;0;0;0;0;0;0;0;0;0;1;1;0;1;0;0;1;0;1;1;0;0;1;0;0;0;0;1;0;0;1;0;0;0;1;1;0;1;1;0;1;1;1;0;1;1;1;1;1;1;1;0;0;1;1;0;0;1;1;1;0;0;1;1;0;0;1;1;0;1;1;0;1;1;0;0;0;0;1;1;0;0;0;0;0;1;1;0;0;1
Aditya Pancholi;0;1;0;1;1;0;1;1;0;0;0;0;1;0;0;0;0;1;0;0;0;0;0;0;1;0;0;1;0;1;0;0;0;1;0;0;0;0;0;0;1;1;0;0;1;0;1;1;0;0;0;1;0;0;0;1;0;1;0;0;0;0;0;0;1;0;1;0;0;0;1;0;0;0;0;0;0;1;0;0;0;1;0;0;0;1;1;0;0;0;1;0;0;1;1;1;0;0;0;1;0;0;0;0;1;1;0;1;0;1;1;1;1
Salman Khan;1;1;0;0;1;1;1;1;0;0;0;1;0;0;0;0;1;1;0;0;1;0;1;0;1;0;0;0;0;1;0;0;0;1;0;0;0;0;0;1;0;1;1;0;1;0;1;1;0;1;0;0;0;0;0;1;1;1;0;0;1;1;0;0;0;0;0;0;1;0;0;0;1;1;0;0;1;1;0;0;0;1;1;0;0;1;1;1;0;0;1;1;1;1;0;1;0;0;0;0;0;0;0;0;0;1;1;1;1;0;0;1;1
Govinda;1;1;1;0;0;1;1;1;1;0;0;0;1;0;1;0;1;1;0;1;0;1;1;0;1;0;1;0;0;1;0;0;0;1;1;1;0;0;0;0;1;1;1;0;1;1;0;0;0;1;0;1;1;0;0;1;0;0;1;1;1;1;0;0;1;1;1;0;1;0;1;0;1;1;1;0;1;1;1;1;1;0;1;0;0;0;1;1;1;1;0;1;1;1;0;0;0;0;0;1;0;0;0;1;0;1;1;1;1;1;1;1;1
Rishi Kapoor;1;1;1;0;1;1;1;1;0;0;1;1;1;0;1;0;1;1;0;1;1;1;1;0;1;1;0;1;0;1;1;0;0;1;1;1;0;0;1;0;0;1;1;1;1;1;1;1;1;0;0;0;1;0;0;1;0;0;0;0;1;1;0;0;1;0;1;0;1;1;1;1;1;0;0;1;1;0;1;1;0;1;1;0;0;1;1;0;0;1;1;0;1;1;1;1;0;0;0;1;1;0;0;0;1;0;1;1;0;1;1;1;1
Rakhee Gulzar;1;0;1;0;0;1;1;1;0;1;1;1;1;1;0;0;1;1;0;1;1;1;0;0;0;1;0;1;0;1;1;0;0;1;1;0;1;0;0;0;0;1;1;0;0;0;0;0;0;0;1;0;1;1;0;0;0;1;0;0;0;1;0;1;0;1;0;0;1;1;1;0;1;0;0;0;1;1;0;1;1;0;0;1;1;1;1;1;0;1;1;1;0;0;0;1;0;0;0;1;0;1;0;0;0;0;1;1;0;1;1;0;1
Juhi Chawla;1;1;1;0;0;1;1;1;1;0;0;0;0;0;1;0;1;1;1;0;1;0;0;0;1;0;1;0;0;1;1;0;0;0;1;0;0;0;0;0;1;1;1;0;1;0;0;1;1;0;0;0;1;0;0;1;0;1;0;0;1;0;0;0;1;0;0;0;0;0;1;0;0;0;1;0;1;1;1;0;0;0;0;1;0;1;1;1;1;1;1;1;0;0;0;1;0;0;0;0;1;0;0;1;1;0;0;1;0;1;1;0;0
Kulbhushan Kharbanda;0;1;0;0;0;0;0;0;0;0;0;0;0;0;0;1;0;0;0;0;1;1;0;0;0;0;0;0;0;1;0;0;0;0;1;0;0;0;0;1;1;1;0;0;0;1;0;0;0;1;1;1;1;0;1;0;0;0;0;0;1;1;0;1;1;0;0;0;0;0;1;1;0;1;0;0;1;1;1;1;0;0;1;0;0;1;0;0;1;0;0;1;0;0;0;0;0;0;0;1;0;0;0;1;0;1;1;0;1;1;0;0;0
Shah Rukh Khan;1;0;0;0;0;1;1;0;0;1;0;0;0;0;0;0;0;0;0;1;1;0;1;0;1;0;0;1;0;1;0;0;0;0;0;0;0;0;0;0;0;0;0;0;1;0;1;0;0;1;0;0;0;0;0;1;0;1;0;0;0;1;1;0;0;1;0;0;0;0;0;0;1;0;0;0;1;1;0;0;0;0;1;0;0;0;0;1;1;1;0;1;1;1;0;0;0;0;0;0;0;0;0;0;1;0;0;1;1;1;1;1;1
Tom Alter;1;0;0;0;0;0;1;1;0;0;1;1;0;0;0;0;1;0;0;0;0;0;0;1;0;0;1;0;0;0;0;0;0;0;1;0;0;0;0;0;1;0;0;0;0;0;0;0;1;0;0;1;0;0;1;1;0;0;0;1;0;0;0;0;0;0;0;1;1;0;1;1;0;0;0;0;0;0;1;0;0;0;0;1;0;0;0;1;0;0;0;0;0;0;0;0;0;1;0;0;0;0;1;0;1;0;0;0;1;0;0;1;0
Master Bhagwan;1;0;1;0;0;0;0;1;0;0;1;0;1;0;1;1;0;0;0;0;0;0;1;0;0;1;1;0;0;1;0;0;0;0;0;0;1;1;1;0;0;0;0;1;0;0;0;0;1;1;1;1;0;0;0;0;0;0;1;0;0;0;0;1;1;0;1;1;1;1;1;0;0;0;0;1;0;0;0;1;0;0;0;1;0;0;0;0;0;0;0;0;0;0;0;0;1;0;1;0;0;0;1;0;1;0;1;0;0;1;0;0;0
Ramesh Deo;1;0;1;1;0;0;0;1;0;0;1;1;1;1;0;0;0;0;0;1;0;0;1;0;0;1;1;0;0;0;1;1;0;0;1;0;0;0;0;0;0;0;1;0;0;0;0;0;1;0;1;0;0;0;0;0;0;0;1;0;0;0;1;0;1;0;0;1;0;0;1;0;0;0;1;0;0;0;1;0;1;0;0;1;1;0;1;0;0;0;0;0;0;0;0;0;0;1;0;0;0;0;1;0;0;1;0;0;0;1;0;0;0
Rekha;1;1;0;0;1;1;1;1;1;1;0;1;1;1;1;0;1;1;0;1;1;1;1;0;0;1;0;0;0;1;0;0;0;1;1;1;1;0;1;0;1;0;1;0;0;1;1;0;1;0;0;0;1;1;0;1;0;0;0;0;1;1;1;1;0;1;1;0;1;1;1;1;0;1;1;1;1;1;1;1;0;1;0;1;1;1;1;0;1;0;1;1;1;0;1;0;0;0;0;0;0;1;0;0;0;0;1;1;1;1;1;0;1
Irrfan Khan;1;0;0;0;0;0;1;0;0;0;0;0;1;0;1;0;0;0;1;0;0;0;0;0;1;0;0;0;0;0;0;0;1;0;0;0;0;0;0;0;1;1;0;0;0;0;0;0;0;0;0;0;0;0;0;1;0;1;0;0;0;0;0;0;1;0;0;0;1;0;0;1;0;0;0;0;0;0;0;0;0;0;0;0;0;1;0;0;0;0;0;1;0;1;0;0;0;0;0;0;0;0;0;0;1;0;0;0;1;0;1;1;0
Vinod Mehra;1;0;0;0;0;0;1;1;0;0;1;1;1;1;1;0;1;1;0;1;0;1;1;0;0;1;0;0;0;1;0;0;0;0;1;1;1;0;1;0;0;0;1;1;0;1;0;0;0;0;0;0;0;1;0;0;0;0;0;0;1;1;0;1;0;1;1;1;1;1;1;1;0;0;0;0;0;0;1;1;0;0;0;0;1;0;1;1;0;0;0;0;1;0;0;0;0;0;0;1;0;0;0;1;0;0;1;1;0;1;0;0;0
Abhi Bhattacharya;0;0;1;0;0;0;0;1;0;0;1;0;1;0;1;0;1;0;0;0;0;0;0;0;0;0;1;0;0;1;1;0;0;0;0;0;1;0;1;0;1;0;0;0;0;0;0;0;0;1;1;0;0;1;0;0;0;0;1;0;0;1;0;1;0;0;1;0;0;0;0;0;0;0;0;1;0;0;0;0;0;0;0;1;1;0;0;1;0;0;0;0;0;0;0;0;1;1;1;0;0;0;0;1;0;0;0;0;0;0;0;0;0
Tanuja;1;0;1;0;0;0;0;1;0;0;0;1;1;0;1;1;0;0;0;0;0;1;1;0;0;0;0;0;1;1;0;0;0;0;1;1;0;0;1;0;1;1;1;0;1;0;0;0;0;0;0;0;1;1;0;0;0;1;1;0;0;1;0;1;0;1;0;0;1;0;1;1;0;0;0;1;0;0;1;1;0;1;0;1;1;0;1;0;0;0;1;0;0;1;1;0;0;0;0;0;0;1;1;0;0;0;1;0;0;1;1;0;0
Tinnu Anand;1;1;1;1;0;0;0;1;0;0;0;1;0;0;0;1;1;1;0;0;0;0;1;1;0;0;1;1;0;1;0;1;0;0;0;0;0;0;0;0;1;0;0;0;0;0;0;1;0;0;1;0;0;0;1;0;0;0;0;0;0;0;0;0;1;0;1;0;1;0;1;0;1;0;0;0;1;1;0;1;1;0;0;0;0;0;0;0;1;0;0;1;0;1;0;1;1;1;0;0;1;0;0;0;0;0;0;1;1;0;1;1;1
Kiran Kumar;0;1;1;1;0;0;0;1;0;0;1;0;1;1;0;1;0;0;0;0;0;1;0;1;0;0;1;1;0;0;1;0;0;0;0;0;1;1;0;0;1;1;1;1;1;1;0;0;1;1;1;0;0;0;1;0;0;1;0;1;1;1;0;0;1;1;0;0;1;0;1;0;0;1;0;0;1;1;1;0;1;1;0;0;0;1;0;0;1;1;1;0;0;0;1;0;0;0;1;0;0;0;0;0;0;0;0;0;0;0;1;0;1
Amjad Khan;1;1;0;0;0;0;0;1;0;0;1;0;1;1;1;1;0;1;0;1;0;1;0;0;0;1;1;0;1;1;1;0;0;1;1;1;1;1;1;1;0;1;1;0;1;1;0;0;1;1;1;1;1;0;0;0;0;0;1;0;1;1;0;1;1;1;1;0;0;1;1;0;0;0;0;1;1;0;1;1;0;0;0;0;1;0;1;0;0;1;1;1;1;0;1;0;0;1;0;1;0;1;0;1;0;0;0;1;0;1;0;0;0
Madhuri Dixit;0;1;0;0;1;1;1;1;0;0;0;0;1;0;0;1;1;1;0;0;1;0;1;0;0;0;0;0;1;1;0;0;1;1;1;1;1;0;1;0;1;1;0;0;0;0;1;1;0;0;0;0;1;0;0;1;0;1;1;0;1;1;0;0;1;1;1;0;1;0;1;1;1;0;1;0;1;1;0;1;0;1;0;1;1;1;1;0;1;1;1;1;1;1;0;1;0;0;0;1;0;1;0;0;1;0;1;0;1;1;1;0;0
Om Puri;1;0;0;0;1;1;1;1;1;1;0;0;0;0;0;0;0;1;1;0;1;1;1;0;1;0;0;0;0;1;0;0;0;1;0;0;0;0;1;1;1;1;0;0;1;0;0;0;0;0;0;0;0;0;0;1;1;1;0;1;1;0;1;0;1;1;0;0;1;0;0;1;0;0;0;0;1;0;1;0;0;0;0;0;1;1;1;1;0;1;1;0;0;0;1;1;1;0;0;1;1;0;0;0;1;0;0;1;0;0;1;0;0
Jeetendra;1;1;0;1;0;0;1;1;0;0;1;0;1;1;1;0;1;1;0;1;1;1;1;0;0;1;1;1;1;1;0;0;0;1;1;1;1;0;1;1;1;1;1;0;0;1;0;0;0;1;1;0;0;1;0;1;0;0;1;0;1;1;1;1;1;1;0;0;1;0;1;1;0;0;1;0;1;0;0;1;0;0;1;0;1;0;1;1;1;0;1;1;1;1;1;1;0;1;1;1;0;1;0;1;0;0;1;1;0;0;0;0;1
Naseeruddin Shah;1;1;0;0;1;1;1;1;0;1;0;1;1;0;0;0;0;1;1;0;1;0;1;0;1;0;0;1;1;1;0;0;1;1;0;0;0;0;0;1;1;0;0;0;0;1;0;1;0;0;0;0;1;0;0;1;0;1;0;0;0;1;0;0;1;0;0;0;1;0;1;1;0;1;0;0;1;1;1;0;0;0;0;0;1;1;1;0;1;0;1;1;1;1;0;1;0;0;0;1;1;0;0;1;1;1;0;1;1;0;0;0;1
Manisha Koirala;1;1;0;0;1;0;1;1;0;1;0;0;1;0;0;0;1;1;0;0;0;0;0;0;0;0;0;0;0;1;0;0;1;1;0;0;1;0;0;0;1;1;0;0;0;0;1;1;0;0;0;0;1;0;0;1;1;1;0;0;0;0;0;0;1;0;0;0;1;0;0;0;0;0;0;0;1;1;0;0;0;0;0;0;0;1;0;0;1;1;1;1;0;0;0;1;1;0;0;0;1;0;0;0;1;0;0;0;0;0;0;0;1
Raveena Tandon;1;1;0;1;1;1;1;0;1;0;0;1;0;0;0;0;1;1;0;1;1;0;1;0;1;0;0;1;0;0;1;0;1;0;0;0;0;0;0;0;1;1;0;0;1;1;1;1;0;0;0;0;0;0;0;1;0;1;0;0;1;0;0;0;1;0;0;0;1;0;1;0;1;0;1;0;1;1;0;0;0;0;1;0;0;1;1;1;1;1;1;1;1;0;0;1;0;0;0;1;0;0;0;0;1;1;0;0;0;1;1;1;0
